scenarioId,algoritmo,nBlocks,baselineBlocks,blocksCrossed,resolved,success,baselineDistKm,routeDistKm,optimalDistKm,detourPct,optimalityGapPct,osrmCalls,expansions,latencyMs
0,heuristica,0,0,0,1,1,2.1729,2.1729,2.1729,0.00,0.00,1,0,1.418
0,grafo-dijkstra,0,0,0,1,1,2.1729,2.1729,2.1729,0.00,0.00,0,379,0.394
0,grafo-astar,0,0,0,1,1,2.1729,2.1729,2.1729,0.00,0.00,0,26,0.134
1,heuristica,0,0,0,1,1,2.7284,2.7284,2.7284,0.00,0.00,1,0,0.224
1,grafo-dijkstra,0,0,0,1,1,2.7284,2.7284,2.7284,0.00,0.00,0,462,0.358
1,grafo-astar,0,0,0,1,1,2.7284,2.7284,2.7284,0.00,0.00,0,198,0.456
2,heuristica,0,0,0,1,1,3.5320,3.5320,3.5320,0.00,0.00,1,0,0.707
2,grafo-dijkstra,0,0,0,1,1,3.5320,3.5320,3.5320,0.00,0.00,0,621,1.244
2,grafo-astar,0,0,0,1,1,3.5320,3.5320,3.5320,0.00,0.00,0,410,0.692
3,heuristica,0,0,0,1,1,2.4963,2.4963,2.4963,0.00,0.00,1,0,0.251
3,grafo-dijkstra,0,0,0,1,1,2.4963,2.4963,2.4963,0.00,0.00,0,554,0.441
3,grafo-astar,0,0,0,1,1,2.4963,2.4963,2.4963,0.00,0.00,0,198,0.314
4,heuristica,0,0,0,1,1,3.7798,3.7798,3.7798,0.00,0.00,1,0,0.360
4,grafo-dijkstra,0,0,0,1,1,3.7798,3.7798,3.7798,0.00,0.00,0,620,0.974
4,grafo-astar,0,0,0,1,1,3.7798,3.7798,3.7798,0.00,0.00,0,498,2.022
5,heuristica,0,0,0,1,1,2.9760,2.9760,2.9760,0.00,0.00,1,0,0.258
5,grafo-dijkstra,0,0,0,1,1,2.9760,2.9760,2.9760,0.00,0.00,0,462,0.559
5,grafo-astar,0,0,0,1,1,2.9760,2.9760,2.9760,0.00,0.00,0,225,0.298
6,heuristica,0,0,0,1,1,2.0261,2.0261,2.0261,0.00,0.00,1,0,0.285
6,grafo-dijkstra,0,0,0,1,1,2.0261,2.0261,2.0261,0.00,0.00,0,415,0.324
6,grafo-astar,0,0,0,1,1,2.0261,2.0261,2.0261,0.00,0.00,0,62,0.117
7,heuristica,0,0,0,1,1,1.8543,1.8543,1.8543,0.00,0.00,1,0,0.162
7,grafo-dijkstra,0,0,0,1,1,1.8543,1.8543,1.8543,0.00,0.00,0,365,0.287
7,grafo-astar,0,0,0,1,1,1.8543,1.8543,1.8543,0.00,0.00,0,56,0.079
8,heuristica,0,0,0,1,1,3.6434,3.6434,3.6434,0.00,0.00,1,0,0.945
8,grafo-dijkstra,0,0,0,1,1,3.6434,3.6434,3.6434,0.00,0.00,0,588,0.566
8,grafo-astar,0,0,0,1,1,3.6434,3.6434,3.6434,0.00,0.00,0,422,0.433
9,heuristica,0,0,0,1,1,2.4458,2.4458,2.4458,0.00,0.00,1,0,0.222
9,grafo-dijkstra,0,0,0,1,1,2.4458,2.4458,2.4458,0.00,0.00,0,415,0.549
9,grafo-astar,0,0,0,1,1,2.4458,2.4458,2.4458,0.00,0.00,0,174,0.270
10,heuristica,0,0,0,1,1,2.1982,2.1982,2.1982,0.00,0.00,1,0,0.294
10,grafo-dijkstra,0,0,0,1,1,2.1982,2.1982,2.1982,0.00,0.00,0,387,0.720
10,grafo-astar,0,0,0,1,1,2.1982,2.1982,2.1982,0.00,0.00,0,67,0.364
11,heuristica,0,0,0,1,1,2.3599,2.3599,2.3599,0.00,0.00,1,0,0.970
11,grafo-dijkstra,0,0,0,1,1,2.3599,2.3599,2.3599,0.00,0.00,0,362,0.952
11,grafo-astar,0,0,0,1,1,2.3599,2.3599,2.3599,0.00,0.00,0,158,0.362
12,heuristica,0,0,0,1,1,3.0620,3.0620,3.0620,0.00,0.00,1,0,0.487
12,grafo-dijkstra,0,0,0,1,1,3.0620,3.0620,3.0620,0.00,0.00,0,534,0.887
12,grafo-astar,0,0,0,1,1,3.0620,3.0620,3.0620,0.00,0.00,0,285,0.600
13,heuristica,0,0,0,1,1,2.5823,2.5823,2.5823,0.00,0.00,1,0,0.560
13,grafo-dijkstra,0,0,0,1,1,2.5823,2.5823,2.5823,0.00,0.00,0,445,0.937
13,grafo-astar,0,0,0,1,1,2.5823,2.5823,2.5823,0.00,0.00,0,214,0.722
14,heuristica,0,0,0,1,1,2.8046,2.8046,2.8046,0.00,0.00,1,0,0.717
14,grafo-dijkstra,0,0,0,1,1,2.8046,2.8046,2.8046,0.00,0.00,0,487,1.298
14,grafo-astar,0,0,0,1,1,2.8046,2.8046,2.8046,0.00,0.00,0,263,0.712
15,heuristica,0,0,0,1,1,3.7445,3.7445,3.7445,0.00,0.00,1,0,0.764
15,grafo-dijkstra,0,0,0,1,1,3.7445,3.7445,3.7445,0.00,0.00,0,608,0.840
15,grafo-astar,0,0,0,1,1,3.7445,3.7445,3.7445,0.00,0.00,0,462,0.294
16,heuristica,0,0,0,1,1,1.8036,1.8036,1.8036,0.00,0.00,1,0,0.141
16,grafo-dijkstra,0,0,0,1,1,1.8036,1.8036,1.8036,0.00,0.00,0,247,0.058
16,grafo-astar,0,0,0,1,1,1.8036,1.8036,1.8036,0.00,0.00,0,22,0.018
17,heuristica,0,0,0,1,1,3.8052,3.8052,3.8052,0.00,0.00,1,0,0.394
17,grafo-dijkstra,0,0,0,1,1,3.8052,3.8052,3.8052,0.00,0.00,0,619,0.152
17,grafo-astar,0,0,0,1,1,3.8052,3.8052,3.8052,0.00,0.00,0,456,0.224
18,heuristica,0,0,0,1,1,3.0876,3.0876,3.0876,0.00,0.00,1,0,0.221
18,grafo-dijkstra,0,0,0,1,1,3.0876,3.0876,3.0876,0.00,0.00,0,610,0.163
18,grafo-astar,0,0,0,1,1,3.0876,3.0876,3.0876,0.00,0.00,0,309,0.150
19,heuristica,0,0,0,1,1,2.3599,2.3599,2.3599,0.00,0.00,1,0,0.151
19,grafo-dijkstra,0,0,0,1,1,2.3599,2.3599,2.3599,0.00,0.00,0,459,0.127
19,grafo-astar,0,0,0,1,1,2.3599,2.3599,2.3599,0.00,0.00,0,144,0.060
20,heuristica,0,0,0,1,1,1.9654,1.9654,1.9654,0.00,0.00,1,0,0.141
20,grafo-dijkstra,0,0,0,1,1,1.9654,1.9654,1.9654,0.00,0.00,0,364,0.116
20,grafo-astar,0,0,0,1,1,1.9654,1.9654,1.9654,0.00,0.00,0,99,0.073
21,heuristica,0,0,0,1,1,2.1373,2.1373,2.1373,0.00,0.00,1,0,0.139
21,grafo-dijkstra,0,0,0,1,1,2.1373,2.1373,2.1373,0.00,0.00,0,425,0.134
21,grafo-astar,0,0,0,1,1,2.1373,2.1373,2.1373,0.00,0.00,0,93,0.077
22,heuristica,0,0,0,1,1,1.7179,1.7179,1.7179,0.00,0.00,1,0,0.163
22,grafo-dijkstra,0,0,0,1,1,1.7179,1.7179,1.7179,0.00,0.00,0,335,0.123
22,grafo-astar,0,0,0,1,1,1.7179,1.7179,1.7179,0.00,0.00,0,21,0.031
23,heuristica,0,0,0,1,1,4.2245,4.2245,4.2245,0.00,0.00,1,0,0.295
23,grafo-dijkstra,0,0,0,1,1,4.2245,4.2245,4.2245,0.00,0.00,0,624,0.256
23,grafo-astar,0,0,0,1,1,4.2245,4.2245,4.2245,0.00,0.00,0,558,0.375
24,heuristica,0,0,0,1,1,2.7791,2.7791,2.7791,0.00,0.00,1,0,0.295
24,grafo-dijkstra,0,0,0,1,1,2.7791,2.7791,2.7791,0.00,0.00,0,593,0.679
24,grafo-astar,0,0,0,1,1,2.7791,2.7791,2.7791,0.00,0.00,0,264,0.188
25,heuristica,0,0,0,1,1,2.0261,2.0261,2.0261,0.00,0.00,1,0,0.230
25,grafo-dijkstra,0,0,0,1,1,2.0261,2.0261,2.0261,0.00,0.00,0,451,0.125
25,grafo-astar,0,0,0,1,1,2.0261,2.0261,2.0261,0.00,0.00,0,62,0.067
26,heuristica,0,0,0,1,1,3.9163,3.9163,3.9163,0.00,0.00,1,0,0.243
26,grafo-dijkstra,0,0,0,1,1,3.9163,3.9163,3.9163,0.00,0.00,0,616,0.221
26,grafo-astar,0,0,0,1,1,3.9163,3.9163,3.9163,0.00,0.00,0,510,0.260
27,heuristica,0,0,0,1,1,2.6932,2.6932,2.6932,0.00,0.00,1,0,0.284
27,grafo-dijkstra,0,0,0,1,1,2.6932,2.6932,2.6932,0.00,0.00,0,567,0.733
27,grafo-astar,0,0,0,1,1,2.6932,2.6932,2.6932,0.00,0.00,0,244,0.477
28,heuristica,0,0,0,1,1,2.6931,2.6931,2.6931,0.00,0.00,1,0,0.860
28,grafo-dijkstra,0,0,0,1,1,2.6931,2.6931,2.6931,0.00,0.00,0,589,0.373
28,grafo-astar,0,0,0,1,1,2.6931,2.6931,2.6931,0.00,0.00,0,255,0.226
29,heuristica,0,0,0,1,1,4.1134,4.1134,4.1134,0.00,0.00,1,0,0.526
29,grafo-dijkstra,0,0,0,1,1,4.1134,4.1134,4.1134,0.00,0.00,0,607,0.386
29,grafo-astar,0,0,0,1,1,4.1134,4.1134,4.1134,0.00,0.00,0,483,0.441
30,heuristica,1,1,0,1,1,2.0260,2.4707,2.0260,21.95,21.95,9,0,1.877
30,grafo-dijkstra,1,1,0,1,1,2.0260,2.0260,2.0260,0.00,0.00,0,320,1.890
30,grafo-astar,1,1,0,1,1,2.0260,2.0260,2.0260,0.00,0.00,0,80,2.523
31,heuristica,1,1,0,1,1,3.3350,3.3350,3.3350,0.00,0.00,9,0,4.657
31,grafo-dijkstra,1,1,0,1,1,3.3350,3.3350,3.3350,0.00,0.00,0,617,1.881
31,grafo-astar,1,1,0,1,1,3.3350,3.3350,3.3350,0.00,0.00,0,382,1.407
32,heuristica,1,1,0,1,1,2.5820,2.5820,2.5820,0.00,0.00,9,0,2.185
32,grafo-dijkstra,1,1,0,1,1,2.5820,2.5820,2.5820,0.00,0.00,0,537,1.143
32,grafo-astar,1,1,0,1,1,2.5820,2.5820,2.5820,0.00,0.00,0,209,0.473
33,heuristica,1,1,0,1,1,2.6682,2.6682,2.6682,0.00,0.00,9,0,3.192
33,grafo-dijkstra,1,1,0,1,1,2.6682,2.6682,2.6682,0.00,0.00,0,576,1.275
33,grafo-astar,1,1,0,1,1,2.6682,2.6682,2.6682,0.00,0.00,0,214,0.667
34,heuristica,1,1,0,1,1,2.4202,2.4202,2.4202,0.00,0.00,9,0,2.084
34,grafo-dijkstra,1,1,0,1,1,2.4202,2.4202,2.4202,0.00,0.00,0,400,0.933
34,grafo-astar,1,1,0,1,1,2.4202,2.4202,2.4202,0.00,0.00,0,126,0.566
35,heuristica,1,1,0,1,1,2.7185,2.7185,2.7185,0.00,0.00,9,0,2.032
35,grafo-dijkstra,1,1,0,1,1,2.7185,2.7185,2.7185,0.00,0.00,0,476,0.596
35,grafo-astar,1,1,0,1,1,2.7185,2.7185,2.7185,0.00,0.00,0,239,0.531
36,heuristica,1,1,0,1,1,2.7187,2.7188,2.7187,0.00,0.00,9,0,3.053
36,grafo-dijkstra,1,1,0,1,1,2.7187,2.7187,2.7187,0.00,0.00,0,599,1.122
36,grafo-astar,1,1,0,1,1,2.7187,2.7187,2.7187,0.00,0.00,0,254,0.459
37,heuristica,1,1,0,1,1,3.5574,3.5574,3.5574,0.00,0.00,9,0,4.101
37,grafo-dijkstra,1,1,0,1,1,3.5574,3.5574,3.5574,0.00,0.00,0,599,1.234
37,grafo-astar,1,1,0,1,1,3.5574,3.5574,3.5574,0.00,0.00,0,414,0.989
38,heuristica,1,1,0,1,1,1.9402,2.3850,1.9402,22.93,22.92,9,0,2.917
38,grafo-dijkstra,1,1,0,1,1,1.9402,1.9402,1.9402,0.00,0.00,0,444,0.601
38,grafo-astar,1,1,0,1,1,1.9402,1.9402,1.9402,0.00,0.00,0,77,0.497
39,heuristica,1,1,0,1,1,2.6328,2.6328,2.6328,0.00,0.00,9,0,2.974
39,grafo-dijkstra,1,1,0,1,1,2.6328,2.6328,2.6328,0.00,0.00,0,509,0.859
39,grafo-astar,1,1,0,1,1,2.6328,2.6328,2.6328,0.00,0.00,0,252,0.432
40,heuristica,1,1,0,1,1,1.7435,1.9659,1.7435,12.76,12.76,9,0,1.193
40,grafo-dijkstra,1,1,0,1,1,1.7435,1.7435,1.7435,0.00,0.00,0,244,0.737
40,grafo-astar,1,1,0,1,1,1.7435,1.7435,1.7435,0.00,0.00,0,39,0.155
41,heuristica,1,1,0,1,1,2.5216,2.5217,2.5216,0.00,0.00,9,0,2.048
41,grafo-dijkstra,1,1,0,1,1,2.5216,2.5216,2.5216,0.00,0.00,0,572,0.306
41,grafo-astar,1,1,0,1,1,2.5216,2.5216,2.5216,0.00,0.00,0,214,0.218
42,heuristica,1,1,0,1,1,3.6434,3.6435,3.6434,0.00,0.00,9,0,2.155
42,grafo-dijkstra,1,1,0,1,1,3.6434,3.6434,3.6434,0.00,0.00,0,617,0.284
42,grafo-astar,1,1,0,1,1,3.6434,3.6434,3.6434,0.00,0.00,0,424,0.311
43,heuristica,1,1,0,1,1,2.3597,2.3597,2.3597,0.00,0.00,9,0,1.955
43,grafo-dijkstra,1,1,0,1,1,2.3597,2.3597,2.3597,0.00,0.00,0,513,0.331
43,grafo-astar,1,1,0,1,1,2.3597,2.3597,2.3597,0.00,0.00,0,148,0.291
44,heuristica,1,1,0,1,1,1.6575,2.3246,1.6575,40.25,40.25,9,0,2.428
44,grafo-dijkstra,1,1,0,1,1,1.6575,1.6575,1.6575,0.00,0.00,0,313,0.380
44,grafo-astar,1,1,0,1,1,1.6575,1.6575,1.6575,0.00,0.00,0,37,0.225
45,heuristica,1,1,0,1,1,2.0867,2.7539,2.0867,31.97,31.97,9,0,3.289
45,grafo-dijkstra,1,1,0,1,1,2.0867,2.0867,2.0867,0.00,0.00,0,384,0.372
45,grafo-astar,1,1,0,1,1,2.0867,2.0867,2.0867,0.00,0.00,0,25,0.230
46,heuristica,1,1,0,1,1,2.3599,2.3599,2.3599,0.00,0.00,9,0,2.248
46,grafo-dijkstra,1,1,0,1,1,2.3599,2.3599,2.3599,0.00,0.00,0,465,0.429
46,grafo-astar,1,1,0,1,1,2.3599,2.3599,2.3599,0.00,0.00,0,168,0.304
47,heuristica,1,1,0,1,1,2.7790,2.7791,2.7790,0.00,0.00,9,0,1.601
47,grafo-dijkstra,1,1,0,1,1,2.7790,2.7790,2.7790,0.00,0.00,0,482,0.403
47,grafo-astar,1,1,0,1,1,2.7790,2.7790,2.7790,0.00,0.00,0,233,0.342
48,heuristica,1,1,0,1,1,1.9148,2.5819,1.9148,34.84,34.84,9,0,0.875
48,grafo-dijkstra,1,1,0,1,1,1.9148,1.9148,1.9148,0.00,0.00,0,310,0.205
48,grafo-astar,1,1,0,1,1,1.9148,1.9148,1.9148,0.00,0.00,0,23,0.139
49,heuristica,1,1,0,1,1,1.9150,2.5822,1.9150,34.84,34.84,9,0,2.857
49,grafo-dijkstra,1,1,0,1,1,1.9150,1.9150,1.9150,0.00,0.00,0,441,0.409
49,grafo-astar,1,1,0,1,1,1.9150,1.9150,1.9150,0.00,0.00,0,23,0.223
50,heuristica,1,1,0,1,1,2.9915,2.9916,2.9915,0.00,0.00,9,0,3.112
50,grafo-dijkstra,1,1,0,1,1,2.9915,2.9915,2.9915,0.00,0.00,0,558,0.523
50,grafo-astar,1,1,0,1,1,2.9915,2.9915,2.9915,0.00,0.00,0,323,0.460
51,heuristica,1,1,0,1,1,3.1633,3.1633,3.1633,0.00,0.00,9,0,2.271
51,grafo-dijkstra,1,1,0,1,1,3.1633,3.1633,3.1633,0.00,0.00,0,558,0.262
51,grafo-astar,1,1,0,1,1,3.1633,3.1633,3.1633,0.00,0.00,0,338,0.293
52,heuristica,1,1,0,1,1,3.8557,3.8557,3.8557,0.00,0.00,9,0,1.164
52,grafo-dijkstra,1,1,0,1,1,3.8557,3.8557,3.8557,0.00,0.00,0,592,0.537
52,grafo-astar,1,1,0,1,1,3.8557,3.8557,3.8557,0.00,0.00,0,437,0.318
53,heuristica,1,1,0,1,1,3.0014,3.0014,3.0014,0.00,0.00,9,0,1.258
53,grafo-dijkstra,1,1,0,1,1,3.0014,3.0014,3.0014,0.00,0.00,0,518,0.380
53,grafo-astar,1,1,0,1,1,3.0014,3.0014,3.0014,0.00,0.00,0,286,0.253
54,heuristica,1,1,0,1,1,2.2739,2.2739,2.2739,0.00,0.00,9,0,2.151
54,grafo-dijkstra,1,1,0,1,1,2.2739,2.2739,2.2739,0.00,0.00,0,496,0.406
54,grafo-astar,1,1,0,1,1,2.2739,2.2739,2.2739,0.00,0.00,0,159,0.312
55,heuristica,1,1,0,1,1,2.3850,2.3850,2.3850,0.00,0.00,9,0,2.601
55,grafo-dijkstra,1,1,0,1,1,2.3850,2.3850,2.3850,0.00,0.00,0,488,0.423
55,grafo-astar,1,1,0,1,1,2.3850,2.3850,2.3850,0.00,0.00,0,169,0.322
56,heuristica,1,1,0,1,1,1.8292,2.4964,1.8292,36.47,36.47,9,0,2.545
56,grafo-dijkstra,1,1,0,1,1,1.8292,1.8292,1.8292,0.00,0.00,0,411,0.293
56,grafo-astar,1,1,0,1,1,1.8292,1.8292,1.8292,0.00,0.00,0,22,0.144
57,heuristica,1,1,0,1,1,1.9153,1.9153,1.9153,0.00,0.00,9,0,1.054
57,grafo-dijkstra,1,1,0,1,1,1.9153,1.9153,1.9153,0.00,0.00,0,283,0.436
57,grafo-astar,1,1,0,1,1,1.9153,1.9153,1.9153,0.00,0.00,0,23,0.259
58,heuristica,1,1,0,1,1,2.6429,2.6430,2.6429,0.00,0.00,9,0,3.343
58,grafo-dijkstra,1,1,0,1,1,2.6429,2.6429,2.6429,0.00,0.00,0,532,0.560
58,grafo-astar,1,1,0,1,1,2.6429,2.6429,2.6429,0.00,0.00,0,192,0.363
59,heuristica,1,1,0,1,1,2.2235,2.4460,2.2236,10.00,10.00,9,0,3.187
59,grafo-dijkstra,1,1,0,1,1,2.2235,2.2236,2.2236,0.00,0.00,0,373,0.423
59,grafo-astar,1,1,0,1,1,2.2235,2.2236,2.2236,0.00,0.00,0,90,0.265
60,heuristica,2,2,0,1,1,2.0264,2.4712,2.0264,21.95,21.95,81,0,27.367
60,grafo-dijkstra,2,2,0,1,1,2.0264,2.0264,2.0264,0.00,0.00,0,361,0.404
60,grafo-astar,2,2,0,1,1,2.0264,2.0264,2.0264,0.00,0.00,0,81,0.280
61,heuristica,2,2,0,1,1,3.1732,3.1732,3.1732,0.00,0.00,81,0,22.992
61,grafo-dijkstra,2,2,0,1,1,3.1732,3.1732,3.1732,0.00,0.00,0,518,0.494
61,grafo-astar,2,2,0,1,1,3.1732,3.1732,3.1732,0.00,0.00,0,288,0.588
62,heuristica,2,2,0,1,1,3.9415,3.9416,3.9416,0.00,0.00,81,0,20.324
62,grafo-dijkstra,2,2,0,1,1,3.9415,3.9416,3.9416,0.00,0.00,0,622,0.435
62,grafo-astar,2,2,0,1,1,3.9415,3.9416,3.9416,0.00,0.00,0,515,0.437
63,heuristica,2,2,0,1,1,3.9416,3.9417,3.9416,0.00,0.00,81,0,19.861
63,grafo-dijkstra,2,2,0,1,1,3.9416,3.9416,3.9416,0.00,0.00,0,617,0.418
63,grafo-astar,2,2,0,1,1,3.9416,3.9416,3.9416,0.00,0.00,0,509,0.779
64,heuristica,2,2,0,1,1,3.3098,3.3099,3.3098,0.00,0.00,78,0,18.012
64,grafo-dijkstra,2,2,0,1,1,3.3098,3.3098,3.3098,0.00,0.00,0,595,0.480
64,grafo-astar,2,2,0,1,1,3.3098,3.3098,3.3098,0.00,0.00,0,375,0.768
65,heuristica,2,2,0,1,1,1.8547,1.8547,1.8547,0.00,0.00,81,0,11.113
65,grafo-dijkstra,2,2,0,1,1,1.8547,1.8547,1.8547,0.00,0.00,0,247,0.342
65,grafo-astar,2,2,0,1,1,1.8547,1.8547,1.8547,0.00,0.00,0,59,0.263
66,heuristica,2,2,0,1,1,3.7546,3.7546,3.7546,0.00,0.00,81,0,16.889
66,grafo-dijkstra,2,2,0,1,1,3.7546,3.7546,3.7546,0.00,0.00,0,612,0.374
66,grafo-astar,2,2,0,1,1,3.7546,3.7546,3.7546,0.00,0.00,0,452,0.402
67,heuristica,2,2,0,1,1,2.2486,2.2486,2.2486,0.00,0.00,81,0,15.802
67,grafo-dijkstra,2,2,0,1,1,2.2486,2.2486,2.2486,0.00,0.00,0,504,0.434
67,grafo-astar,2,2,0,1,1,2.2486,2.2486,2.2486,0.00,0.00,0,121,0.303
68,heuristica,2,2,0,1,1,3.4969,3.4969,3.4969,0.00,0.00,81,0,14.685
68,grafo-dijkstra,2,2,0,1,1,3.4969,3.4969,3.4969,0.00,0.00,0,605,0.361
68,grafo-astar,2,2,0,1,1,3.4969,3.4969,3.4969,0.00,0.00,0,435,0.738
69,heuristica,2,2,0,1,1,1.8797,2.1021,1.8797,11.83,11.83,81,0,17.824
69,grafo-dijkstra,2,2,0,1,1,1.8797,1.8797,1.8797,0.00,0.00,0,427,0.454
69,grafo-astar,2,2,0,1,1,1.8797,1.8797,1.8797,0.00,0.00,0,93,0.269
70,heuristica,2,2,0,1,1,2.4203,2.4204,2.4203,0.00,0.00,81,0,20.706
70,grafo-dijkstra,2,2,0,1,1,2.4203,2.4203,2.4203,0.00,0.00,0,521,0.445
70,grafo-astar,2,2,0,1,1,2.4203,2.4203,2.4203,0.00,0.00,0,153,0.294
71,heuristica,2,2,0,1,1,1.8898,2.7792,2.1121,47.07,31.58,78,0,15.529
71,grafo-dijkstra,2,2,0,1,1,1.8898,2.1121,2.1121,11.77,0.00,0,418,0.432
71,grafo-astar,2,2,0,1,1,1.8898,2.1121,2.1121,11.77,0.00,0,49,0.250
72,heuristica,2,2,0,1,1,2.8299,2.8300,2.8299,0.00,0.00,81,0,16.591
72,grafo-dijkstra,2,2,0,1,1,2.8299,2.8299,2.8299,0.00,0.00,0,495,0.551
72,grafo-astar,2,2,0,1,1,2.8299,2.8299,2.8299,0.00,0.00,0,274,0.395
73,heuristica,2,2,0,1,1,2.1979,2.6428,2.1980,20.24,20.24,81,0,21.803
73,grafo-dijkstra,2,2,0,1,1,2.1979,2.1980,2.1980,0.00,0.00,0,461,0.381
73,grafo-astar,2,2,0,1,1,2.1979,2.1980,2.1980,0.00,0.00,0,54,0.259
74,heuristica,2,2,0,1,1,2.9761,2.9762,2.9762,0.00,0.00,81,0,19.252
74,grafo-dijkstra,2,2,0,1,1,2.9761,2.9762,2.9762,0.00,0.00,0,518,0.357
74,grafo-astar,2,2,0,1,1,2.9761,2.9762,2.9762,0.00,0.00,0,275,0.338
75,heuristica,2,2,0,1,1,2.1627,2.1628,2.1627,0.00,0.00,81,0,17.532
75,grafo-dijkstra,2,2,0,1,1,2.1627,2.1627,2.1627,0.00,0.00,0,484,0.915
75,grafo-astar,2,2,0,1,1,2.1627,2.1627,2.1627,0.00,0.00,0,133,0.286
76,heuristica,2,2,0,1,1,1.7433,2.4105,1.7434,38.27,38.27,81,0,14.297
76,grafo-dijkstra,2,2,0,1,1,1.7433,1.7434,1.7434,0.00,0.00,0,341,0.350
76,grafo-astar,2,2,0,1,1,1.7433,1.7434,1.7434,0.00,0.00,0,21,0.241
77,heuristica,2,2,0,1,1,2.5567,2.5568,2.5567,0.00,0.00,81,0,18.400
77,grafo-dijkstra,2,2,0,1,1,2.5567,2.5567,2.5567,0.00,0.00,0,467,0.367
77,grafo-astar,2,2,0,1,1,2.5567,2.5567,2.5567,0.00,0.00,0,183,0.864
78,heuristica,2,2,2,0,0,3.2746,,3.2746,,,81,0,34.692
78,grafo-dijkstra,2,2,0,1,1,3.2746,3.2746,3.2746,0.00,0.00,0,621,0.634
78,grafo-astar,2,2,0,1,1,3.2746,3.2746,3.2746,0.00,0.00,0,383,0.418
79,heuristica,2,2,0,1,1,1.8543,2.2991,1.8543,23.99,23.99,81,0,27.653
79,grafo-dijkstra,2,2,0,1,1,1.8543,1.8543,1.8543,0.00,0.00,0,386,0.893
79,grafo-astar,2,2,0,1,1,1.8543,1.8543,1.8543,0.00,0.00,0,73,0.688
80,heuristica,2,2,0,1,1,2.9915,3.1634,2.9915,5.75,5.74,81,0,26.156
80,grafo-dijkstra,2,2,0,1,1,2.9915,2.9915,2.9915,0.00,0.00,0,558,0.377
80,grafo-astar,2,2,0,1,1,2.9915,2.9915,2.9915,0.00,0.00,0,323,0.382
81,heuristica,2,2,0,1,1,2.4103,2.4104,2.4103,0.00,0.00,81,0,25.096
81,grafo-dijkstra,2,2,0,1,1,2.4103,2.4103,2.4103,0.00,0.00,0,533,0.485
81,grafo-astar,2,2,0,1,1,2.4103,2.4103,2.4103,0.00,0.00,0,202,0.419
82,heuristica,2,2,0,1,1,3.0874,3.0875,3.0875,0.00,0.00,81,0,23.947
82,grafo-dijkstra,2,2,0,1,1,3.0874,3.0875,3.0875,0.00,0.00,0,585,0.642
82,grafo-astar,2,2,0,1,1,3.0874,3.0875,3.0875,0.00,0.00,0,322,0.590
83,heuristica,2,2,0,1,1,1.8041,2.0265,2.0265,12.33,0.00,81,0,12.793
83,grafo-dijkstra,2,2,0,1,1,1.8041,2.0265,2.0265,12.33,0.00,0,310,0.585
83,grafo-astar,2,2,0,1,1,1.8041,2.0265,2.0265,12.33,0.00,0,52,0.403
84,heuristica,2,2,0,1,1,3.8557,3.8557,3.8557,0.00,0.00,81,0,27.276
84,grafo-dijkstra,2,2,0,1,1,3.8557,3.8557,3.8557,0.00,0.00,0,618,0.444
84,grafo-astar,2,2,0,1,1,3.8557,3.8557,3.8557,0.00,0.00,0,499,0.419
85,heuristica,2,2,0,1,1,1.7176,2.6072,1.9400,51.79,34.39,81,0,8.475
85,grafo-dijkstra,2,2,0,1,1,1.7176,1.9400,1.9400,12.95,0.00,0,264,0.292
85,grafo-astar,2,2,0,1,1,1.7176,1.9400,1.9400,12.95,0.00,0,42,0.245
86,heuristica,2,2,0,1,1,2.2234,2.4459,2.2234,10.00,10.00,81,0,19.490
86,grafo-dijkstra,2,2,0,1,1,2.2234,2.2234,2.2234,0.00,0.00,0,479,0.371
86,grafo-astar,2,2,0,1,1,2.2234,2.2234,2.2234,0.00,0.00,0,93,0.270
87,heuristica,2,2,0,1,1,2.2131,2.2131,2.2131,0.00,0.00,81,0,11.778
87,grafo-dijkstra,2,2,0,1,1,2.2131,2.2131,2.2131,0.00,0.00,0,353,0.336
87,grafo-astar,2,2,0,1,1,2.2131,2.2131,2.2131,0.00,0.00,0,139,0.281
88,heuristica,2,2,0,1,1,3.4211,3.4212,3.4211,0.00,0.00,81,0,40.216
88,grafo-dijkstra,2,2,0,1,1,3.4211,3.4211,3.4211,0.00,0.00,0,552,0.434
88,grafo-astar,2,2,0,1,1,3.4211,3.4211,3.4211,0.00,0.00,0,359,0.389
89,heuristica,2,2,2,0,0,2.6935,,2.6935,,,81,0,35.574
89,grafo-dijkstra,2,2,0,1,1,2.6935,2.6935,2.6935,0.00,0.00,0,547,0.389
89,grafo-astar,2,2,0,1,1,2.6935,2.6935,2.6935,0.00,0.00,0,217,0.380
90,heuristica,3,3,0,1,1,2.9764,2.9764,2.9764,0.00,0.00,537,0,271.553
90,grafo-dijkstra,3,3,0,1,1,2.9764,2.9764,2.9764,0.00,0.00,0,518,0.565
90,grafo-astar,3,3,0,1,1,2.9764,2.9764,2.9764,0.00,0.00,0,290,0.506
91,heuristica,3,3,0,1,1,2.5823,2.5824,2.5824,0.00,0.00,534,0,173.378
91,grafo-dijkstra,3,3,0,1,1,2.5823,2.5824,2.5824,0.00,0.00,0,507,0.710
91,grafo-astar,3,3,0,1,1,2.5823,2.5824,2.5824,0.00,0.00,0,191,0.443
92,heuristica,3,3,0,1,1,4.0781,4.0782,4.0781,0.00,0.00,533,0,173.229
92,grafo-dijkstra,3,3,0,1,1,4.0781,4.0781,4.0781,0.00,0.00,0,613,0.912
92,grafo-astar,3,3,0,1,1,4.0781,4.0781,4.0781,0.00,0.00,0,493,0.872
93,heuristica,3,3,0,1,1,1.7687,2.2135,1.7687,25.15,25.15,537,0,136.701
93,grafo-dijkstra,3,3,0,1,1,1.7687,1.7687,1.7687,0.00,0.00,0,272,0.785
93,grafo-astar,3,3,0,1,1,1.7687,1.7687,1.7687,0.00,0.00,0,69,0.680
94,heuristica,3,3,0,1,1,2.4203,2.4204,2.4203,0.00,0.00,537,0,263.354
94,grafo-dijkstra,3,3,0,1,1,2.4203,2.4203,2.4203,0.00,0.00,0,521,0.519
94,grafo-astar,3,3,0,1,1,2.4203,2.4203,2.4203,0.00,0.00,0,153,0.510
95,heuristica,3,3,0,1,1,1.9405,2.3853,1.9405,22.92,22.92,537,0,144.712
95,grafo-dijkstra,3,3,0,1,1,1.9405,1.9405,1.9405,0.00,0.00,0,314,0.538
95,grafo-astar,3,3,0,1,1,1.9405,1.9405,1.9405,0.00,0.00,0,77,0.516
96,heuristica,3,3,0,1,1,1.9404,2.3852,1.9404,22.92,22.92,533,0,134.606
96,grafo-dijkstra,3,3,0,1,1,1.9404,1.9404,1.9404,0.00,0.00,0,412,0.700
96,grafo-astar,3,3,0,1,1,1.9404,1.9404,1.9404,0.00,0.00,0,77,0.485
97,heuristica,3,3,0,1,1,2.9765,2.9766,2.9765,0.00,0.00,528,0,179.264
97,grafo-dijkstra,3,3,0,1,1,2.9765,2.9765,2.9765,0.00,0.00,0,446,0.504
97,grafo-astar,3,3,0,1,1,2.9765,2.9765,2.9765,0.00,0.00,0,231,0.444
98,heuristica,3,3,0,1,1,2.9661,2.9661,2.9661,0.00,0.00,537,0,85.144
98,grafo-dijkstra,3,3,0,1,1,2.9661,2.9661,2.9661,0.00,0.00,0,495,0.526
98,grafo-astar,3,3,0,1,1,2.9661,2.9661,2.9661,0.00,0.00,0,280,0.477
99,heuristica,3,3,0,1,1,2.5819,2.5820,2.5819,0.00,0.00,537,0,135.749
99,grafo-dijkstra,3,3,0,1,1,2.5819,2.5819,2.5819,0.00,0.00,0,405,0.518
99,grafo-astar,3,3,0,1,1,2.5819,2.5819,2.5819,0.00,0.00,0,176,0.847
100,heuristica,3,3,0,1,1,3.2491,3.2492,3.2491,0.00,0.00,534,0,136.115
100,grafo-dijkstra,3,3,0,1,1,3.2491,3.2491,3.2491,0.00,0.00,0,562,0.767
100,grafo-astar,3,3,0,1,1,3.2491,3.2491,3.2491,0.00,0.00,0,354,0.798
101,heuristica,3,3,0,1,1,2.9511,2.9512,2.9511,0.00,0.00,537,0,225.024
101,grafo-dijkstra,3,3,0,1,1,2.9511,2.9511,2.9511,0.00,0.00,0,501,1.864
101,grafo-astar,3,3,0,1,1,2.9511,2.9511,2.9511,0.00,0.00,0,269,0.656
102,heuristica,3,3,3,0,0,2.8550,,2.8550,,,537,0,230.610
102,grafo-dijkstra,3,3,0,1,1,2.8550,2.8550,2.8550,0.00,0.00,0,529,0.500
102,grafo-astar,3,3,0,1,1,2.8550,2.8550,2.8550,0.00,0.00,0,283,0.481
103,heuristica,3,3,0,1,1,2.0868,2.7540,2.0868,31.97,31.97,533,0,136.895
103,grafo-dijkstra,3,3,0,1,1,2.0868,2.0868,2.0868,0.00,0.00,0,417,0.519
103,grafo-astar,3,3,0,1,1,2.0868,2.0868,2.0868,0.00,0.00,0,47,0.372
104,heuristica,3,3,0,1,1,1.8795,2.1019,1.8795,11.83,11.83,537,0,79.992
104,grafo-dijkstra,3,3,0,1,1,1.8795,1.8795,1.8795,0.00,0.00,0,360,0.477
104,grafo-astar,3,3,0,1,1,1.8795,1.8795,1.8795,0.00,0.00,0,93,0.439
105,heuristica,3,3,0,1,1,2.0770,2.0771,2.0770,0.00,0.00,533,0,146.065
105,grafo-dijkstra,3,3,0,1,1,2.0770,2.0770,2.0770,0.00,0.00,0,282,0.453
105,grafo-astar,3,3,0,1,1,2.0770,2.0770,2.0770,0.00,0.00,0,100,0.393
106,heuristica,3,3,0,1,1,2.7790,2.7791,2.7790,0.00,0.00,537,0,138.666
106,grafo-dijkstra,3,3,0,1,1,2.7790,2.7790,2.7790,0.00,0.00,0,582,0.542
106,grafo-astar,3,3,0,1,1,2.7790,2.7790,2.7790,0.00,0.00,0,264,0.484
107,heuristica,3,3,0,1,1,2.6429,2.6430,2.6429,0.00,0.00,533,0,206.400
107,grafo-dijkstra,3,3,0,1,1,2.6429,2.6429,2.6429,0.00,0.00,0,544,0.525
107,grafo-astar,3,3,0,1,1,2.6429,2.6429,2.6429,0.00,0.00,0,192,0.431
108,heuristica,3,3,0,1,1,3.0269,3.0270,3.0269,0.00,0.00,537,0,194.908
108,grafo-dijkstra,3,3,0,1,1,3.0269,3.0269,3.0269,0.00,0.00,0,603,0.518
108,grafo-astar,3,3,0,1,1,3.0269,3.0269,3.0269,0.00,0.00,0,322,0.493
109,heuristica,3,3,0,1,1,2.2740,2.2740,2.2740,0.00,0.00,534,0,181.606
109,grafo-dijkstra,3,3,0,1,1,2.2740,2.2740,2.2740,0.00,0.00,0,524,0.521
109,grafo-astar,3,3,0,1,1,2.2740,2.2740,2.2740,0.00,0.00,0,140,0.417
110,heuristica,3,3,3,0,0,3.4462,,3.4462,,,537,0,217.199
110,grafo-dijkstra,3,3,0,1,1,3.4462,3.4462,3.4462,0.00,0.00,0,621,0.981
110,grafo-astar,3,3,0,1,1,3.4462,3.4462,3.4462,0.00,0.00,0,405,0.521
111,heuristica,3,3,3,0,0,2.8043,,2.8044,,,537,0,194.380
111,grafo-dijkstra,3,3,0,1,1,2.8043,2.8044,2.8044,0.00,0.00,0,604,0.535
111,grafo-astar,3,3,0,1,1,2.8043,2.8044,2.8044,0.00,0.00,0,280,0.475
112,heuristica,3,3,0,1,1,1.9402,2.3850,1.9402,22.93,22.92,537,0,133.614
112,grafo-dijkstra,3,3,0,1,1,1.9402,1.9402,1.9402,0.00,0.00,0,438,0.484
112,grafo-astar,3,3,0,1,1,1.9402,1.9402,1.9402,0.00,0.00,0,77,0.381
113,heuristica,3,3,0,1,1,1.9658,2.1882,1.9658,11.32,11.31,537,0,159.871
113,grafo-dijkstra,3,3,0,1,1,1.9658,1.9658,1.9658,0.00,0.00,0,304,0.975
113,grafo-astar,3,3,0,1,1,1.9658,1.9658,1.9658,0.00,0.00,0,99,0.395
114,heuristica,3,3,0,1,1,2.9662,2.9663,2.9662,0.00,0.00,537,0,155.833
114,grafo-dijkstra,3,3,0,1,1,2.9662,2.9662,2.9662,0.00,0.00,0,582,1.220
114,grafo-astar,3,3,0,1,1,2.9662,2.9662,2.9662,0.00,0.00,0,317,0.517
115,heuristica,3,3,0,1,1,3.1886,3.1887,3.1886,0.00,0.00,537,0,163.198
115,grafo-dijkstra,3,3,0,1,1,3.1886,3.1886,3.1886,0.00,0.00,0,590,0.961
115,grafo-astar,3,3,0,1,1,3.1886,3.1886,3.1886,0.00,0.00,0,371,0.720
116,heuristica,3,3,0,1,1,3.6939,3.6940,3.6939,0.00,0.00,537,0,197.729
116,grafo-dijkstra,3,3,0,1,1,3.6939,3.6939,3.6939,0.00,0.00,0,613,0.662
116,grafo-astar,3,3,0,1,1,3.6939,3.6939,3.6939,0.00,0.00,0,455,0.701
117,heuristica,3,3,0,1,1,3.1887,3.1888,3.1887,0.00,0.00,537,0,243.950
117,grafo-dijkstra,3,3,0,1,1,3.1887,3.1887,3.1887,0.00,0.00,0,526,0.529
117,grafo-astar,3,3,0,1,1,3.1887,3.1887,3.1887,0.00,0.00,0,317,0.479
118,heuristica,3,3,0,1,1,2.7285,2.7286,2.7285,0.00,0.00,537,0,108.714
118,grafo-dijkstra,3,3,0,1,1,2.7285,2.7285,2.7285,0.00,0.00,0,518,0.509
118,grafo-astar,3,3,0,1,1,2.7285,2.7285,2.7285,0.00,0.00,0,194,0.431
119,heuristica,3,3,0,1,1,3.0621,3.0621,3.0621,0.00,0.00,537,0,103.725
119,grafo-dijkstra,3,3,0,1,1,3.0621,3.0621,3.0621,0.00,0.00,0,562,0.516
119,grafo-astar,3,3,0,1,1,3.0621,3.0621,3.0621,0.00,0.00,0,282,0.456
120,heuristica,4,4,0,1,1,2.2488,2.2489,2.2488,0.00,0.00,4129,0,867.465
120,grafo-dijkstra,4,4,0,1,1,2.2488,2.2488,2.2488,0.00,0.00,0,310,1.089
120,grafo-astar,4,4,0,1,1,2.2488,2.2488,2.2488,0.00,0.00,0,123,0.807
121,heuristica,4,4,0,1,1,3.5068,3.5069,3.5068,0.00,0.00,4129,0,1796.858
121,grafo-dijkstra,4,4,0,1,1,3.5068,3.5068,3.5068,0.00,0.00,0,585,0.931
121,grafo-astar,4,4,0,1,1,3.5068,3.5068,3.5068,0.00,0.00,0,387,0.935
122,heuristica,4,4,0,1,1,3.0620,3.0621,3.0620,0.00,0.00,4129,0,775.106
122,grafo-dijkstra,4,4,0,1,1,3.0620,3.0620,3.0620,0.00,0.00,0,482,0.574
122,grafo-astar,4,4,0,1,1,3.0620,3.0620,3.0620,0.00,0.00,0,245,0.591
123,heuristica,4,4,0,1,1,2.7187,2.7188,2.7188,0.00,0.00,4125,0,1396.775
123,grafo-dijkstra,4,4,0,1,1,2.7187,2.7188,2.7188,0.00,0.00,0,464,0.729
123,grafo-astar,4,4,0,1,1,2.7187,2.7188,2.7188,0.00,0.00,0,238,0.569
124,heuristica,4,4,0,1,1,1.7180,2.6074,1.9404,51.77,34.38,4121,0,1800.493
124,grafo-dijkstra,4,4,0,1,1,1.7180,1.9404,1.9404,12.94,0.00,0,443,1.239
124,grafo-astar,4,4,0,1,1,1.7180,1.9404,1.9404,12.94,0.00,0,49,0.721
125,heuristica,4,4,0,1,1,3.1633,3.1634,3.1634,0.00,0.00,4126,0,1431.836
125,grafo-dijkstra,4,4,0,1,1,3.1633,3.1634,3.1634,0.00,0.00,0,605,0.652
125,grafo-astar,4,4,0,1,1,3.1633,3.1634,3.1634,0.00,0.00,0,358,0.617
126,heuristica,4,4,0,1,1,4.2498,4.4723,4.2498,5.24,5.24,4129,0,1542.867
126,grafo-dijkstra,4,4,0,1,1,4.2498,4.2498,4.2498,0.00,0.00,0,624,0.672
126,grafo-astar,4,4,0,1,1,4.2498,4.2498,4.2498,0.00,0.00,0,561,0.704
127,heuristica,4,4,4,0,0,3.8303,,3.8304,,,4129,0,1986.260
127,grafo-dijkstra,4,4,0,1,1,3.8303,3.8304,3.8304,0.00,0.00,0,582,0.636
127,grafo-astar,4,4,0,1,1,3.8303,3.8304,3.8304,0.00,0.00,0,415,0.629
128,heuristica,4,4,0,1,1,2.6327,2.6328,2.6327,0.00,0.00,4129,0,2314.916
128,grafo-dijkstra,4,4,0,1,1,2.6327,2.6327,2.6327,0.00,0.00,0,543,0.635
128,grafo-astar,4,4,0,1,1,2.6327,2.6327,2.6327,0.00,0.00,0,247,0.570
129,heuristica,4,4,0,1,1,1.9909,1.9910,1.9910,0.00,0.00,4125,0,1747.669
129,grafo-dijkstra,4,4,0,1,1,1.9909,1.9910,1.9910,0.00,0.00,0,461,1.486
129,grafo-astar,4,4,0,1,1,1.9909,1.9910,1.9910,0.00,0.00,0,101,0.920
130,heuristica,4,4,4,0,0,2.9157,,2.9157,,,4129,0,2175.648
130,grafo-dijkstra,4,4,0,1,1,2.9157,2.9157,2.9157,0.00,0.00,0,577,0.661
130,grafo-astar,4,4,0,1,1,2.9157,2.9157,2.9157,0.00,0.00,0,299,0.614
131,heuristica,4,4,0,1,1,2.1982,2.6430,2.1982,20.24,20.23,4120,0,1371.655
131,grafo-dijkstra,4,4,0,1,1,2.1982,2.1982,2.1982,0.00,0.00,0,366,0.583
131,grafo-astar,4,4,0,1,1,2.1982,2.1982,2.1982,0.00,0.00,0,88,0.495
132,heuristica,4,4,0,1,1,2.1729,2.8401,2.1729,30.71,30.70,4126,0,1942.017
132,grafo-dijkstra,4,4,0,1,1,2.1729,2.1729,2.1729,0.00,0.00,0,409,0.678
132,grafo-astar,4,4,0,1,1,2.1729,2.1729,2.1729,0.00,0.00,0,26,0.502
133,heuristica,4,4,0,1,1,2.2487,2.4206,2.2487,7.64,7.64,4125,0,1650.915
133,grafo-dijkstra,4,4,0,1,1,2.2487,2.2487,2.2487,0.00,0.00,0,481,0.608
133,grafo-astar,4,4,0,1,1,2.2487,2.2487,2.2487,0.00,0.00,0,118,0.514
134,heuristica,4,4,0,1,1,2.5819,2.5820,2.5819,0.00,0.00,4126,0,1155.306
134,grafo-dijkstra,4,4,0,1,1,2.5819,2.5819,2.5819,0.00,0.00,0,522,0.620
134,grafo-astar,4,4,0,1,1,2.5819,2.5819,2.5819,0.00,0.00,0,217,1.633
135,heuristica,4,4,0,1,1,1.8039,2.6933,2.0263,49.31,32.92,4125,0,1962.016
135,grafo-dijkstra,4,4,0,1,1,1.8039,2.0263,2.0263,12.33,0.00,0,443,0.629
135,grafo-astar,4,4,0,1,1,1.8039,2.0263,2.0263,12.33,0.00,0,49,0.490
136,heuristica,4,4,0,1,1,1.9654,2.1879,1.9655,11.32,11.32,4125,0,993.244
136,grafo-dijkstra,4,4,0,1,1,1.9654,1.9655,1.9655,0.00,0.00,0,364,0.867
136,grafo-astar,4,4,0,1,1,1.9654,1.9655,1.9655,0.00,0.00,0,77,0.630
137,heuristica,4,4,0,1,1,2.3094,2.5319,2.3094,9.63,9.63,4129,0,1302.726
137,grafo-dijkstra,4,4,0,1,1,2.3094,2.3094,2.3094,0.00,0.00,0,436,0.612
137,grafo-astar,4,4,0,1,1,2.3094,2.3094,2.3094,0.00,0.00,0,98,0.498
138,heuristica,4,4,0,1,1,3.4715,3.4715,3.4715,0.00,0.00,4126,0,1118.495
138,grafo-dijkstra,4,4,0,1,1,3.4715,3.4715,3.4715,0.00,0.00,0,544,0.658
138,grafo-astar,4,4,0,1,1,3.4715,3.4715,3.4715,0.00,0.00,0,347,0.871
139,heuristica,4,4,0,1,1,1.8899,2.7793,2.1123,47.06,31.58,4126,0,1448.573
139,grafo-dijkstra,4,4,0,1,1,1.8899,2.1123,2.1123,11.77,0.00,0,377,0.741
139,grafo-astar,4,4,0,1,1,1.8899,2.1123,2.1123,11.77,0.00,0,53,0.746
140,heuristica,4,4,0,1,1,3.2491,3.2492,3.2491,0.00,0.00,4129,0,1505.792
140,grafo-dijkstra,4,4,0,1,1,3.2491,3.2491,3.2491,0.00,0.00,0,621,0.706
140,grafo-astar,4,4,0,1,1,3.2491,3.2491,3.2491,0.00,0.00,0,376,0.671
141,heuristica,4,4,0,1,1,2.4962,2.4963,2.4962,0.00,0.00,4129,0,1590.751
141,grafo-dijkstra,4,4,0,1,1,2.4962,2.4962,2.4962,0.00,0.00,0,517,0.629
141,grafo-astar,4,4,0,1,1,2.4962,2.4962,2.4962,0.00,0.00,0,204,0.556
142,heuristica,4,4,0,1,1,2.2991,2.2992,2.2991,0.00,0.00,4125,0,1281.792
142,grafo-dijkstra,4,4,0,1,1,2.2991,2.2991,2.2991,0.00,0.00,0,510,0.628
142,grafo-astar,4,4,0,1,1,2.2991,2.2991,2.2991,0.00,0.00,0,177,0.679
143,heuristica,4,4,0,1,1,1.7684,2.2133,1.7685,25.15,25.15,4125,0,1556.055
143,grafo-dijkstra,4,4,0,1,1,1.7684,1.7685,1.7685,0.00,0.00,0,394,0.607
143,grafo-astar,4,4,0,1,1,1.7684,1.7685,1.7685,0.00,0.00,0,69,0.480
144,heuristica,4,4,0,1,1,2.0513,2.2737,2.0513,10.84,10.84,4125,0,895.780
144,grafo-dijkstra,4,4,0,1,1,2.0513,2.0513,2.0513,0.00,0.00,0,407,0.700
144,grafo-astar,4,4,0,1,1,2.0513,2.0513,2.0513,0.00,0.00,0,105,0.796
145,heuristica,4,4,0,1,1,2.1124,2.3348,2.1124,10.53,10.53,4129,0,1692.113
145,grafo-dijkstra,4,4,0,1,1,2.1124,2.1124,2.1124,0.00,0.00,0,322,0.656
145,grafo-astar,4,4,0,1,1,2.1124,2.1124,2.1124,0.00,0.00,0,45,0.495
146,heuristica,4,4,0,1,1,1.8289,2.0512,1.8289,12.16,12.16,4126,0,1717.103
146,grafo-dijkstra,4,4,0,1,1,1.8289,1.8289,1.8289,0.00,0.00,0,269,0.608
146,grafo-astar,4,4,0,1,1,1.8289,1.8289,1.8289,0.00,0.00,0,41,0.513
147,heuristica,4,4,0,1,1,3.5827,5.4016,3.5827,50.77,50.77,4129,0,2541.326
147,grafo-dijkstra,4,4,0,1,1,3.5827,3.5827,3.5827,0.00,0.00,0,617,1.065
147,grafo-astar,4,4,0,1,1,3.5827,3.5827,3.5827,0.00,0.00,0,449,0.727
148,heuristica,4,4,4,0,0,2.6578,,2.6578,,,4125,0,1735.836
148,grafo-dijkstra,4,4,0,1,1,2.6578,2.6578,2.6578,0.00,0.00,0,428,1.944
148,grafo-astar,4,4,0,1,1,2.6578,2.6578,2.6578,0.00,0.00,0,209,1.641
149,heuristica,4,4,0,1,1,2.3852,2.3853,2.3852,0.00,0.00,4126,0,3302.244
149,grafo-dijkstra,4,4,0,1,1,2.3852,2.3852,2.3852,0.00,0.00,0,539,0.797
149,grafo-astar,4,4,0,1,1,2.3852,2.3852,2.3852,0.00,0.00,0,170,0.540